{"f": 0.6560542168674699, "loss": 759.1328191757202}