{"f": 0.6760542168674699, "loss": 759.1328191757202}